ejecucion;metodo;tiempo_segundos
1;insert;0.00474928
2;insert;0.00520723
3;insert;0.00468665
4;insert;0.00455379
5;insert;0.00524272
6;insert;0.00460197
7;insert;0.00514292
8;insert;0.00473711
9;insert;0.00470871
10;insert;0.00483495
11;insert;0.00455881
12;insert;0.00519549
13;insert;0.00453819
14;insert;0.00497886
15;insert;0.0045261
16;insert;0.00482912
17;insert;0.00447482
18;insert;0.00490063
19;insert;0.00447188
20;insert;0.00502889
