ejecucion;metodo;tiempo_segundos
1;insert;0.00892476
2;insert;0.00957139
3;insert;0.00913791
4;insert;0.0094926
5;insert;0.00992431
6;insert;0.00921853
7;insert;0.00926651
8;insert;0.00986627
9;insert;0.00949588
10;insert;0.0104422
11;insert;0.00988923
12;insert;0.00926466
13;insert;0.0091858
14;insert;0.00974189
15;insert;0.00908445
16;insert;0.00989698
17;insert;0.00910362
18;insert;0.0106218
19;insert;0.00913652
20;insert;0.00989344
