ejecucion;metodo;tiempo_segundos
1;insert;0.00215924
2;insert;0.00242939
3;insert;0.00213773
4;insert;0.00216294
5;insert;0.00272455
6;insert;0.00214087
7;insert;0.00224817
8;insert;0.00219365
9;insert;0.00223164
10;insert;0.00245123
11;insert;0.00222984
12;insert;0.00222097
13;insert;0.00237895
14;insert;0.00225569
15;insert;0.00217417
16;insert;0.00216021
17;insert;0.00218622
18;insert;0.00213677
19;insert;0.00214664
20;insert;0.00226103
