ejecucion;metodo;tiempo_segundos
1;insert;0.000392675
2;insert;0.000574444
3;insert;0.000402012
4;insert;0.000394688
5;insert;0.000444391
6;insert;0.000488364
7;insert;0.000396361
8;insert;0.000416208
9;insert;0.000542905
10;insert;0.00042255
11;insert;0.000409296
12;insert;0.000557352
13;insert;0.000489856
14;insert;0.000410768
15;insert;0.000421268
16;insert;0.000418914
17;insert;0.000430205
18;insert;0.000411911
19;insert;0.00044901
20;insert;0.000424144
