ejecucion;metodo;tiempo_segundos
1;insert;0.00705644
2;insert;0.00794146
3;insert;0.00630673
4;insert;0.00632544
5;insert;0.00745031
6;insert;0.00681998
7;insert;0.00630801
8;insert;0.00721814
9;insert;0.00633615
10;insert;0.00684634
11;insert;0.0067542
12;insert;0.00688854
13;insert;0.00641778
14;insert;0.00692572
15;insert;0.00625059
16;insert;0.0072323
17;insert;0.00636911
18;insert;0.00634807
19;insert;0.00634519
20;insert;0.00655629
